Student_#,Assessment_Only_Weighted_Score,Traditional_Weighted_Score,Disability,Race,FRL,Gender
1,68.53,70.445,No,White,Yes,Male
2,97.81,98.467,No,White,No,Male
3,59.96,69.145,No,Black,Yes,Female
4,59.17,64.913,No,Black,Yes,Female
5,53.4,61.743,No,White,Yes,Male
6,57.6,52.492,No,White,Yes,Female
7,76.92,75.881,No,Asian,No,Female
8,95.1,96.57,No,White,No,Male
9,54.54,48.084,No,Black,Yes,Male
10,99.3,99.451,No,White,No,Male
11,86.53,89.45,No,White,Yes,Female
12,60.57,68.176,No,White,Yes,Male
13,68.88,70.889,No,White,No,Female
14,60.57,71.191,No,White,No,Male
15,52.27,62.324,No,Black,Yes,Female
16,65.03,72.001,No,Black,Yes,Female
17,59.26,61.503,No,White,No,Female
18,80.24,85.193,No,White,Yes,Male
19,79.72,73.017,No,White,Yes,Male
20,60.31,66.877,No,White,No,Female
21,54.72,53.761,No,White,Yes,Male
22,53.84,57.717,Yes,White,Yes,Female
23,24.12,32.248,No,White,Yes,Female
24,74.47,81.721,No,Other,Yes,Female
25,58.91,57.591,No,White,No,Male
26,80.76,80.486,No,Hispanic,Yes,Male
27,68.53,67.719,Yes,White,No,Male
28,31.64,37.381,No,Black,Yes,Female
29,66.6,71.983,No,White,No,Male
30,85.83,80.249,No,White,Yes,Female
31,51.57,60.257,Yes,Hispanic,Yes,Female
32,8.04,10.691,Yes,Black,Yes,Female
33,57.77,63.03,No,Black,Yes,Male
34,85.31,86.01,No,Black,Yes,Female
35,83.56,87.128,No,Other,No,Female
36,90.03,92.681,No,White,No,Female
37,79.37,77.377,No,White,Yes,Male
38,35.83,38.769,Yes,Asian,Yes,Male
39,60.13,53.495,Yes,White,No,Female
40,86.71,88.385,No,White,Yes,Male
41,43,46.434,Yes,White,Yes,Male
42,65.38,57.45,No,Hispanic,Yes,Female
43,39.94,54.132,Yes,Black,Yes,Female
44,73.86,77.284,No,White,No,Female
45,67.83,65.141,No,Other,Yes,Male
46,53.4,62.065,No,Black,Yes,Female
93,86.72,90.017,No,White,Yes,Male
94,72.9,79.616,No,White,No,Female
95,64.36,65.301,No,Other,Yes,Male
96,72.54,77.226,No,Black,Yes,Male
97,54.18,57.407,No,White,No,Male
98,68.54,69.736,No,White,No,Female
99,52,65.232,No,Black,Yes,Female
100,60.72,52.259,No,White,Yes,Female
101,60.36,68.352,No,White,Yes,Male
102,68.36,77.666,No,White,No,Female
103,29.27,48.222,No,White,Yes,Female
104,62.54,69.056,No,White,No,Male
105,64.36,70.385,No,White,Yes,Female
106,72.72,75.139,No,White,No,Male
107,74.36,76.64,No,White,No,Female
108,43.56,51.295,No,Black,Yes,Female
109,53.83,65.702,No,White,Yes,Female
110,32.17,42.695,No,Hispanic,Yes,Female
111,81.8,86.979,No,White,Yes,Female
112,60.76,68.993,No,Black,Yes,Male
113,44.18,56.682,No,White,Yes,Female
114,90.47,88.904,No,Hispanic,Yes,Female
115,53.34,55.122,No,Black,Yes,Male
116,72.64,80.53,No,White,No,Female
117,60.39,62.175,No,Black,Yes,Male
118,65.96,59.756,No,Hispanic,No,Male
119,51.6,57.571,No,Black,No,Male
120,70.66,77.801,No,White,Yes,Female
121,47.02,62.834,No,White,Yes,Male
122,45.66,54.69,No,Hispanic,Yes,Female
123,65.47,75.708,No,Hispanic,Yes,Male
124,59.52,67.694,No,White,Yes,Male
125,42.32,56.806,No,Black,Yes,Female
126,60.14,70.369,No,Other,No,Female
127,83.91,84.156,No,White,Yes,Female
128,44.73,59.741,No,White,Yes,Female
129,46.65,58.278,No,White,Yes,Female
130,40.47,39.252,No,White,No,Female
131,53.83,64.702,No,Black,Yes,Female
132,76.63,78.916,No,Black,Yes,Female
133,58.78,70.51,No,Black,Yes,Male
134,65.96,61.475,No,White,No,Female
135,64.1,74.314,No,White,No,Female
136,82.79,84.143,Yes,White,No,Male
137,49.25,63.681,No,White,No,Female
138,50,61.03,No,White,Yes,Male
139,64.97,60,No,Black,No,Male
140,62.87,73.691,Yes,White,No,Female
141,59.03,70.802,No,White,Yes,Female
142,71.03,77.791,No,White,No,Female
143,80.94,86.219,No,White,No,Female
144,62.37,72.865,No,Asian,Yes,Female
145,59.15,61.581,No,White,Yes,Female
146,75.37,78.473,No,White,No,Female
147,36.38,43.803,No,White,Yes,Male
148,56.18,60.255,No,Hispanic,Yes,Female
149,36.26,35.358,No,White,Yes,Male
150,54.45,62.973,No,White,No,Male
151,72.71,80.238,No,Black,Yes,Female
152,82.54,80.234,No,White,No,Female
153,61.26,67.146,No,White,Yes,Female
154,84.15,78.737,No,White,Yes,Male
155,78.83,77.699,No,White,No,Male
156,41.83,58.327,No,Black,Yes,Male
157,62.87,67.336,No,Black,No,Male
158,93.68,95.892,No,White,No,Female
159,41.33,38.463,No,Hispanic,No,Female
160,60.39,71.161,No,White,No,Female
161,62.87,62.093,No,Other,Yes,Female
162,65.84,67.198,No,Hispanic,Yes,Female
163,58.66,70.33,No,Other,No,Female
164,63.98,74.384,No,White,No,Female
165,54.2,66.034,No,White,No,Male
166,86.13,89.973,No,Black,Yes,Female
167,59.15,70.483,No,Black,Yes,Female
168,64.72,74.426,No,Black,Yes,Female
169,53.46,59.717,No,Hispanic,Yes,Male
170,56.31,59.651,No,White,No,Male
171,67.66,74.657,No,Black,Yes,Male
172,82.42,83.667,No,Hispanic,Yes,Female
173,65.69,75.782,No,White,No,Female
174,38.05,40.017,No,Hispanic,No,Male
175,61.6,67.603,No,Other,No,Female
176,47.52,62.16,No,Hispanic,Yes,Male
177,68.77,73.974,No,White,Yes,Male
178,61.68,72.006,No,Other,No,Female
179,84.12,87.051,No,White,Yes,Female
180,45.9,46.449,No,White,No,Male
181,64.16,73.045,No,White,No,Female
182,57.33,70.561,No,White,No,Female
183,56.91,65.209,No,White,Yes,Male
184,70.64,65.176,No,Black,No,Male
185,96.58,98.024,No,White,No,Female
186,64.59,74.291,Yes,White,No,Female
187,75.17,79.655,No,White,Yes,Female
188,63.48,70.115,No,White,Yes,Female
189,59.12,67.882,No,White,No,Female
190,81.48,87.408,No,White,No,Female
191,47.26,61.842,No,Asian,Yes,Female
192,65.01,68.195,No,White,No,Female
193,42.83,43.495,No,Hispanic,Yes,Female
194,13.65,25.887,No,White,Yes,Female
195,43.25,59.66,No,Black,Yes,Female
196,67.49,72.526,No,Black,Yes,Female
197,64.41,66.533,No,White,No,Female
198,53.24,52.816,No,White,Yes,Male
199,58.95,62.424,No,Black,No,Male
200,56.91,67.996,No,White,No,Female
201,89.93,94.087,No,Black,Yes,Female
202,69.79,70.384,No,Other,Yes,Female
203,49.74,53.277,No,Hispanic,Yes,Female
204,59,71.876,No,White,No,Female
205,64.67,73.504,No,White,No,Male
206,71.84,78.506,No,Black,Yes,Female
207,53.38,66.961,No,Black,Yes,Female
208,76.45,78.023,No,White,Yes,Female
209,64.45,67.755,No,Black,Yes,Male
210,43.36,40.95,Yes,Black,Yes,Female
211,86.57,87.355,No,White,No,Female
212,73.45,79.349,Yes,Hispanic,Yes,Female
213,37.9,40.597,No,Black,Yes,Female
214,65.91,61.139,Yes,Black,Yes,Female
215,82.3,68.97,No,Black,Yes,Male
216,53.83,54.605,Yes,Black,Yes,Male
217,64.3,70.205,No,White,No,Female
218,74.77,80.161,Yes,White,Yes,Male
219,75.81,84.529,Yes,White,Yes,Male
220,56.93,67.934,No,Black,Yes,Male
221,63.12,68.911,Yes,White,No,Female
222,74.63,75.456,Yes,White,Yes,Male
223,89.03,89.138,No,White,No,Female
224,82.26,78.238,Yes,Hispanic,Yes,Female
225,70.68,67.377,Yes,Black,Yes,Female
226,57.38,59.652,Yes,Black,Yes,Male
227,61.45,61.002,Yes,White,Yes,Female
228,80.29,82.964,Yes,White,Yes,Male
229,63.79,73.971,Yes,White,Yes,Male
230,71.55,75.62,No,Black,Yes,Male
231,73.64,73.539,Yes,White,Yes,Male
232,77.31,74.267,No,Black,Yes,Male
233,42.33,42.465,No,Black,Yes,Male
234,54.43,54.63,No,Hispanic,Yes,Female
235,61.13,68.046,No,Black,Yes,Male
236,63.29,71.984,Yes,Other,Yes,Male
237,65.46,75.471,No,White,Yes,Female
238,75.56,71.712,No,Hispanic,Yes,Male
239,85.45,87.48,No,White,Yes,Female
240,80,86.008,No,White,No,Female
241,77.93,79.782,No,White,Yes,Female
242,95.56,95.05,No,White,Yes,Female
243,58.65,61.792,No,White,Yes,Female
244,75.87,78.581,No,Hispanic,Yes,Female
245,55.97,59.505,No,Black,Yes,Male
246,60.2,65.155,No,White,No,Female
247,84.02,83.387,No,Black,Yes,Male
248,61.75,52.746,No,Hispanic,No,Female
249,89.38,90.877,No,Black,Yes,Female
250,73.29,60.27,No,White,Yes,Female
251,75.14,66.974,No,White,Yes,Female
252,41.85,46.383,No,Black,Yes,Female
253,88.86,91.052,No,Black,No,Female
254,42.06,35.851,No,White,Yes,Male
255,57.52,64.616,No,Black,Yes,Female
256,65.67,65.718,No,Other,Yes,Female
257,73.7,64.974,No,Hispanic,Yes,Male
258,91.44,91.684,No,Black,No,Female
259,41.75,38.069,No,White,Yes,Female
260,45.56,59.598,No,Black,Yes,Female
261,75.36,76.432,No,White,No,Female
262,85.87,90.097,No,White,No,Female
263,64.74,63.437,No,Black,Yes,Female
264,71.13,67.525,No,Hispanic,Yes,Male
265,77.52,78.286,No,Other,Yes,Male
266,83.91,85.001,No,White,No,Female
267,42.47,43.025,No,Black,Yes,Male
268,38.45,36.862,No,Black,Yes,Female
269,63.71,71.223,No,White,Yes,Female
270,61.23,69.246,No,White,Yes,Female
271,79.27,84.749,No,White,No,Female
272,74.02,78.287,No,White,No,Male
273,81.03,82.887,No,Hispanic,Yes,Female
274,79.27,81.154,No,Black,Yes,Female
275,65.36,72.92,No,White,Yes,Female
276,35.36,30.124,No,Black,Yes,Female
277,73.6,80.41,No,Black,No,Female
278,73.81,75.543,No,White,Yes,Female
279,85.56,82.34,No,White,Yes,Male
280,56.28,48.706,No,Black,Yes,Female
281,75.67,83.627,No,White,Yes,Female
282,76.18,71.79,No,White,Yes,Male
283,72.26,76.98,No,Hispanic,Yes,Male
284,74.94,72.435,Yes,White,No,Female
285,64.74,64.75,No,White,No,Male
286,28.86,30.243,No,White,No,Male
287,65.56,71.365,No,Black,Yes,Male
288,82.63,91.114,Yes,White,Yes,Male
289,80.7,82.552,No,Black,Yes,Female
290,70.41,59.865,No,White,Yes,Male
291,79.07,81.999,No,Black,Yes,Female
292,82.37,88.475,No,White,No,Female
293,79.79,85.451,No,Asian,No,Female
294,46.59,37.455,No,Black,Yes,Male
295,66.39,60.793,No,White,No,Male
296,78.45,72.034,No,Black,Yes,Female
297,74.22,80.174,No,Black,No,Female
298,33.71,41.784,No,Black,Yes,Female
299,63.71,70.73,No,Black,Yes,Female
300,67.93,72.102,No,Black,Yes,Male
301,82.06,83.358,No,Hispanic,Yes,Male
302,94.4,91.637,No,Black,Yes,Male
303,6.66,13.621,No,Black,Yes,Male
304,69.33,74.905,No,Black,Yes,Male
305,70.66,76.774,Yes,Other,Yes,Male
306,65.06,61.443,No,Black,Yes,Female
307,72.13,75.303,No,White,Yes,Female
308,76,73.657,No,Hispanic,Yes,Male
309,88.8,88.091,No,White,Yes,Female
310,78.6,83.644,No,White,No,Female
311,72.26,66.717,Yes,White,No,Male
312,75.13,71.986,No,White,Yes,Female
313,67.26,62.266,No,White,Yes,Male
314,70.73,66.614,No,Hispanic,Yes,Female
315,73.66,68.932,No,White,No,Female
316,38.6,35.491,No,Hispanic,Yes,Female
317,74.66,72.521,No,White,No,Female
318,82.93,79.544,No,Black,Yes,Male
319,93.33,90.953,No,Black,Yes,Female
320,39,35.752,No,White,Yes,Female
321,14.33,14.333,No,Hispanic,Yes,Male
322,83.8,78.227,No,White,No,Male
323,91.66,84.238,No,White,Yes,Female
324,53.86,59.518,No,Black,Yes,Female
325,90.66,90.253,No,Black,No,Female
326,93.86,84.947,No,White,Yes,Male
327,30.6,30.443,No,Black,Yes,Female
328,83.2,87.361,No,White,Yes,Female
329,66.53,63.71,No,White,Yes,Male
330,67.06,71.523,No,Hispanic,Yes,Male
331,49.26,47.53,Yes,White,No,Female
332,68.26,62.729,No,White,No,Male
333,64.06,69.048,No,Black,Yes,Male
334,71.2,70.891,Yes,White,Yes,Male
335,69.93,66.234,No,White,Yes,Female
336,70.66,63.949,No,White,Yes,Male
337,92.66,94.092,No,White,No,Female
338,87.53,91.152,No,Asian,No,Female
339,15.2,18.268,No,White,No,Male
340,79.33,79.351,No,Black,No,Female
341,13.6,23.793,No,Black,Yes,Female
342,58.93,59.617,No,Black,Yes,Male
343,74.13,72.912,No,Hispanic,Yes,Male
344,59.2,64.295,No,Black,Yes,Female
345,52.2,50.887,No,Other,Yes,Female
346,24.53,22.335,No,White,Yes,Male
347,82,72.968,No,Hispanic,Yes,Male
348,98.15,92.463,No,Black,No,Female
349,57.06,59.601,No,Black,Yes,Female
350,81.6,75.543,No,White,No,Female
351,90.66,91.614,No,White,No,Female
352,51.4,53.179,No,Black,Yes,Female
353,68.8,66.643,No,Hispanic,Yes,Male
354,74.33,76.385,No,Other,Yes,Male
355,44.46,46.281,No,Black,Yes,Male
356,4.93,12.96,No,Black,Yes,Male
357,87.73,83.156,No,Black,Yes,Female
358,62.93,69.026,No,White,Yes,Female
359,69.4,72.761,No,White,Yes,Female
360,76.46,75.997,No,White,No,Female
361,87.13,87.158,No,White,No,Male
362,83.33,84.507,No,Hispanic,Yes,Female
363,76.46,76.892,No,Black,Yes,Female
364,70.46,74.992,No,White,Yes,Female
365,75.46,81.24,No,Black,No,Female
366,47.9,59.589,No,Black,Yes,Female
367,59.6,56.228,No,Black,Yes,Female
368,67.56,70.288,No,Black,Yes,Male
369,3.67,8.066,Yes,Black,Yes,Female
370,72.2,76.498,No,Black,Yes,Female
371,54.54,59.927,No,Black,Yes,Male
372,70.8,79.074,No,Other,Yes,Male
373,49.82,46.532,No,Black,No,Male
374,39.16,33.163,No,Black,Yes,Female
375,56.99,54.803,No,Black,Yes,Female
376,66.95,68.654,No,Other,Yes,Male
377,63.81,60.73,No,White,No,Male
378,75.43,69.249,No,White,No,Male
379,80.24,84.117,No,Black,Yes,Female
380,62.32,66.256,No,White,Yes,Female
381,78.23,77.715,No,White,Yes,Male
382,63.54,70.917,No,Hispanic,Yes,Female
383,87.76,80.635,No,White,Yes,Female
384,51.66,42.825,Yes,White,Yes,Male
385,92.74,94.165,No,White,No,Female
386,66.17,69.697,No,Black,Yes,Female
387,32.69,36.146,No,White,Yes,Female
388,48.68,59.712,No,White,No,Male
389,76.8,75.827,No,Black,Yes,Female
390,36.53,51.509,No,White,Yes,Female
391,80.68,76.785,No,Hispanic,Yes,Female
392,74.47,63.872,No,Hispanic,Yes,Male
393,69.93,76.125,No,White,No,Female
394,63.11,65.015,No,Black,Yes,Male
395,62.06,65.279,No,White,No,Female
396,94.75,93.68,No,White,Yes,Female
397,60.48,55.177,No,Black,Yes,Female
398,65.9,72.103,No,Hispanic,Yes,Female
399,62.93,69.656,No,Black,Yes,Female
400,86.71,88.853,No,Black,Yes,Male
401,84.52,85.828,No,Hispanic,No,Male
402,81.99,71.918,No,Black,Yes,Female
403,87.67,91.449,No,Asian,No,Female
404,53.75,60.374,Yes,Black,Yes,Female
405,70.27,62.907,No,White,Yes,Male
406,33.56,39.85,No,Hispanic,No,Female
407,96.41,93.806,No,White,Yes,Female
408,75.52,68.833,No,Hispanic,Yes,Male
409,64.94,69.47,No,Black,Yes,Female
410,70.89,77.643,No,White,Yes,Female
411,65.29,74.353,No,Black,Yes,Female
412,74.56,77.796,No,Black,Yes,Female
413,56.29,53.808,No,Black,Yes,Male
414,87.58,91.19,No,White,No,Male
415,62.23,72.391,No,White,No,Female
416,40.91,41.168,No,Black,Yes,Female
417,83.41,86.062,No,Hispanic,Yes,Female
418,79.83,85.727,No,Black,Yes,Female
419,85.5,80.19,No,White,Yes,Female
420,69.66,78.633,No,Other,Yes,Male
421,75.83,76.248,No,Other,Yes,Male
422,33.33,41.935,No,White,No,Male
423,59.41,62.365,No,Black,Yes,Male
424,73.33,78.764,No,Black,Yes,Female
425,83.66,83.355,No,White,Yes,Male
426,62.5,70.253,No,Hispanic,Yes,Female
427,76.5,72.423,No,Other,Yes,Male
428,89.83,92.985,No,White,No,Female
429,22.91,30.603,No,Black,Yes,Female
430,52.91,62.227,No,White,No,Male
431,47.83,50.178,No,White,Yes,Male
432,75.25,73.467,No,Black,Yes,Female
433,57.83,59.794,No,White,Yes,Female
434,94.83,79.657,No,Hispanic,Yes,Male
435,60.75,60.477,No,Black,Yes,Female
436,68,66.186,No,Black,Yes,Male
437,66.41,74.973,No,White,No,Female
438,57.25,53.592,No,Black,Yes,Male
439,44,48.576,No,White,No,Female
440,55.25,55.556,No,Black,Yes,Female
441,55.75,53.05,No,Hispanic,Yes,Female
442,58.41,65.085,No,Black,Yes,Female
443,77.5,81.418,No,Black,Yes,Male
444,80,84.08,No,Hispanic,No,Male
445,76.5,74.401,No,Black,Yes,Female
446,88.91,91.332,No,Asian,No,Female
447,62.08,64.849,Yes,Black,Yes,Female
448,87.16,81.64,No,White,Yes,Female
449,82.75,80.764,No,Hispanic,Yes,Male
450,50.91,57.639,No,Black,Yes,Female
451,58.25,66.185,No,Black,Yes,Female
452,63.41,59.031,No,Black,Yes,Male
453,79.41,82.309,No,White,No,Male
454,75.3,77.502,No,White,No,Male
455,54.32,60.688,No,White,No,Male
456,69.62,77.908,No,White,Yes,Female
457,53.33,62.083,No,Black,Yes,Female
458,45.67,54.349,No,Hispanic,Yes,Female
459,69.62,75.765,No,White,Yes,Female
460,60,70.348,No,Other,No,Male
461,60.74,68.708,Yes,Black,No,Male
462,42.71,54.689,No,White,No,Male
463,68.88,75.676,No,White,No,Male
464,33.58,51.172,No,Black,Yes,Male
465,84.93,88.021,No,Other,Yes,Male
466,70.86,72.808,No,Black,Yes,Female
467,51.11,63.475,No,Black,Yes,Female
468,87.16,89.804,No,White,No,Male
469,64.93,67.675,No,White,Yes,Male
470,79.5,86.442,No,White,Yes,Female
471,87.4,91.94,No,White,Yes,Female
472,47.4,60.29,No,Hispanic,Yes,Female
473,65.43,61.26,No,Other,Yes,Female
474,58.51,69.909,No,White,Yes,Male
475,66.91,76.043,No,White,No,Female
476,80.93,83.631,No,White,No,Male
477,67.6,74.892,No,White,Yes,Female
478,57.09,60.756,No,Hispanic,Yes,Male
479,11.6,18.6,No,Black,Yes,Female
480,84.84,89.55,No,White,Yes,Female
481,71.27,74.871,No,White,Yes,Female
482,50.24,54.61,Yes,Black,No,Male
483,68.21,72.779,No,White,Yes,Female
484,63.86,75.246,No,White,Yes,Female
485,82.51,81.789,No,White,No,Male
486,69.19,74.989,No,Other,Yes,Male
487,42.17,50.552,No,Black,Yes,Male
488,88.99,90.161,No,White,No,Male
489,89.24,93.1,No,White,Yes,Female
490,55.2,63.908,No,Hispanic,Yes,Female
491,52.15,54.593,No,Other,Yes,Female
492,38.87,56.453,No,White,Yes,Male
493,68.09,73.695,No,White,No,Female
494,80.89,86.292,No,Black,Yes,Female
495,58.92,65.033,No,White,Yes,Male
496,73.48,75.911,Yes,White,No,Female
497,74.83,76.849,No,White,No,Male
498,70.2,71.468,No,Black,Yes,Male
499,79.37,82.297,No,Black,Yes,Female
500,25,33.958,Yes,Black,Yes,Male
501,68.93,76.207,No,Black,Yes,Female
502,86.95,90.463,No,White,Yes,Female
503,91.58,89.581,No,Black,Yes,Female
504,91.24,93.868,No,Black,Yes,Female
505,80.05,85.961,No,Hispanic,Yes,Male
506,92.5,93.257,No,Black,Yes,Male
507,75,79.863,No,Black,Yes,Female
508,76.43,80.687,No,Asian,No,Female
509,100.16,100.112,No,White,Yes,Female
510,66.32,62.828,No,Other,Yes,Male
511,57.4,67.557,No,White,Yes,Female
512,95.79,97.053,No,White,Yes,Male
513,79.46,81.126,Yes,Black,Yes,Male
514,88.29,88.558,No,Hispanic,Yes,Female
515,97.55,97.631,No,Hispanic,Yes,Male
516,83.5,87.972,No,White,Yes,Female
517,52.44,61.594,No,Black,Yes,Female
518,63.88,70.99,No,White,Yes,Female
519,73.17,80.373,No,Black,Yes,Female
520,61.49,62.602,No,White,Yes,Male
521,64.63,69.475,Yes,White,No,Female
522,76.82,78.826,No,White,No,Male
523,72.82,76.161,No,Black,Yes,Female
524,55.22,65.316,No,Black,Yes,Male
525,64.45,65.412,No,Black,Yes,Female
526,52.09,61.407,No,Black,Yes,Female
527,77.52,79.868,No,White,Yes,Female
528,88.85,85.065,No,Black,Yes,Female
529,82.05,83.916,No,Black,Yes,Female
530,77.87,83.726,No,Hispanic,Yes,Male
531,47.56,59.567,No,Black,Yes,Female
532,72.99,74.541,No,Asian,No,Female
533,95.81,96.832,No,White,Yes,Female
534,69.68,67.004,No,Other,Yes,Male
535,63.93,74.657,No,White,Yes,Female
536,90.24,93.168,No,White,Yes,Male
537,68.98,74.588,Yes,Black,Yes,Male
538,45.81,41.049,No,Hispanic,Yes,Female
539,91.81,92.428,No,Hispanic,Yes,Male
540,75.08,81.38,No,White,Yes,Female
541,50.52,62.192,No,Black,Yes,Female
542,52.26,62.784,No,White,No,Female
543,47.21,61.875,No,White,Yes,Female
544,71.59,67.137,No,Other,Yes,Female
545,81.68,87.83,No,White,No,Female
546,67.97,76.005,No,Other,Yes,Female
547,73.82,76.051,No,Black,Yes,Female
548,85.39,87.846,No,Black,No,Male
549,56.62,67.568,No,Black,No,Female
550,75.16,75.493,No,White,Yes,Male
551,71.46,73.981,No,Hispanic,Yes,Male
552,64.04,74.793,No,White,Yes,Female
553,64.94,72.753,No,Black,Yes,Male
554,69.1,70.087,No,White,No,Male
555,65.39,68.728,No,Black,Yes,Male
556,66.06,73.217,No,Black,No,Male
557,24.94,32.784,No,Black,Yes,Female
558,73.59,80.258,No,Black,Yes,Male
559,82.47,88.383,No,Black,Yes,Female
560,60.67,71.037,No,White,No,Male
561,56.21,67.071,Yes,Hispanic,Yes,Male
562,68.2,75.748,No,White,No,Female
563,79.43,72.722,No,Black,No,Male
564,59.66,70.835,No,White,No,Male
565,61.57,70.737,No,Black,Yes,Male
566,79.22,81.351,Yes,Black,No,Male
567,71.34,80.592,No,White,Yes,Female
568,61.12,67.226,No,Black,No,Female
569,90.12,93.194,No,White,No,Female
570,84.62,88.998,No,Other,Yes,Female
571,68.12,67.367,No,Black,Yes,Female
572,72.5,73.559,No,Black,Yes,Female
573,56.25,63.824,No,Black,No,Female
574,75.5,73.566,No,White,Yes,Male
575,85.62,85.76,Yes,White,No,Male
576,78.12,78.551,No,Hispanic,Yes,Male
577,68.12,74.836,No,Black,Yes,Male
578,86.12,88.918,No,White,No,Male
579,77.62,81.551,No,Black,No,Male
580,46.25,41.903,No,White,Yes,Male
581,61.5,70.14,No,White,No,Male
582,57.62,66.821,Yes,Hispanic,Yes,Male
583,69,68.279,No,White,No,Female
584,76.37,66.772,No,Black,No,Male
585,75.62,79.37,No,White,No,Male
586,85.37,89.759,No,White,Yes,Female
587,66.51,64.786,No,Hispanic,Yes,Male
588,46.3,48.437,No,Black,Yes,Male
589,70.09,72.565,No,White,Yes,Male
590,58.66,52.644,No,Black,No,Female
591,51.03,43.11,Yes,White,Yes,Male
592,72.86,77.485,No,White,No,Female
593,64.78,61.939,No,Hispanic,Yes,Male
594,83.37,76.559,Yes,White,No,Male
595,29.67,27.392,Yes,Black,Yes,Male
596,95.38,91.217,No,Black,Yes,Male
597,95.03,92.903,No,Hispanic,Yes,Male
598,36.48,31.953,Yes,Black,Yes,Male
599,75.28,62.825,Yes,White,Yes,Male
600,91.22,87.551,No,White,Yes,Male
601,39.95,38.439,Yes,White,Yes,Female
602,70.55,60.243,No,White,Yes,Female
603,83.14,78.662,No,Hispanic,Yes,Male
604,80.94,67.126,No,White,No,Male
605,91.1,89.38,No,Black,Yes,Female
606,46.53,49.711,Yes,White,Yes,Male
607,82.56,76.21,No,White,No,Male
608,91.68,93.297,No,White,No,Male
609,69.28,61.525,No,Hispanic,Yes,Male
610,91.68,80.878,Yes,White,Yes,Male
611,76.78,76.091,No,White,Yes,Male
612,75.28,65.211,No,Hispanic,Yes,Male
613,88.68,83.593,No,White,Yes,Male
614,91.45,88.34,No,White,Yes,Male
615,92.37,87.976,No,White,Yes,Female
616,73.32,72.713,No,Other,Yes,Female
617,86.48,78.866,No,White,Yes,Male
618,67.55,64.767,No,Black,Yes,Male
619,81.87,80.182,No,Black,Yes,Male
620,74.48,73.378,No,Black,Yes,Male
621,91.91,90.458,No,White,Yes,Female
622,51.38,47.82,No,Black,Yes,Female
623,96.3,96.347,No,Black,Yes,Female
624,3.11,13.528,No,White,Yes,Female
625,73.9,70.039,No,White,Yes,Male
626,71.82,72.433,No,Other,Yes,Female
627,74.01,69.874,No,Other,Yes,Male
628,84.29,85.514,No,White,No,Female
629,78.4,80.997,No,Hispanic,Yes,Male
630,84.87,85.007,No,White,No,Male
631,84.52,83.1,No,White,Yes,Male
632,82.56,80.317,No,White,Yes,Female
633,2.42,4.541,Yes,Hispanic,Yes,Male
634,65.6,64.996,No,Hispanic,Yes,Male
635,15.33,17.075,No,Black,Yes,Male
636,48.8,45.03,No,Black,No,Female
637,29.2,28.055,Yes,Hispanic,Yes,Female
638,79.93,83.667,No,White,No,Female
639,75.2,70.792,No,Hispanic,Yes,Male
640,81.53,73.749,Yes,White,No,Male
641,93.06,86.897,No,Hispanic,Yes,Male
642,78.8,64.184,Yes,White,Yes,Male
643,91.86,82.941,No,White,Yes,Male
644,71.33,64.737,No,White,Yes,Female
645,86.26,90.663,No,Hispanic,Yes,Male
646,68,61.702,No,White,No,Male
647,94.66,95.799,No,Black,Yes,Female
648,16.93,17.466,Yes,White,Yes,Male
649,80.53,74.281,No,White,No,Male
650,0.8,0.994,Yes,Hispanic,Yes,Male
651,31.13,26.419,No,Hispanic,Yes,Male
652,88.13,76.348,Yes,White,Yes,Male
653,51.46,49.372,No,White,Yes,Male
654,65.2,61.89,No,Hispanic,Yes,Male
655,89.46,86.188,No,White,Yes,Male
656,88.93,90.626,No,White,Yes,Male
657,90.4,92.304,No,White,Yes,Female
658,80,81.924,No,Other,Yes,Female
659,81.46,80.822,No,White,Yes,Male
660,62.93,62.751,No,White,Yes,Female
661,53.86,54.642,No,Black,Yes,Male
662,77.69,81.773,No,Black,Yes,Male
663,89.2,87.24,No,Black,Yes,Male
664,66.8,71.86,No,Black,Yes,Male
665,85.06,86.175,No,White,Yes,Female
666,96.8,97.934,No,Black,Yes,Female
667,70.26,72.406,No,Other,Yes,Female
668,65.06,61.475,No,Other,Yes,Male
669,88.66,90.919,No,White,No,Female
670,83.86,85.885,No,Hispanic,Yes,Male
671,92.53,93.854,No,White,No,Male
672,62.66,69.219,No,White,Yes,Male
673,81.86,86.368,No,White,Yes,Female
674,94.93,98.484,No,White,No,Male
675,85.66,75.171,Yes,Black,No,Male
676,75.25,71.676,No,White,Yes,Female
677,23.33,24.975,No,White,Yes,Male
678,85.33,84.149,No,White,No,Female
679,82.41,70.858,Yes,White,Yes,Male
680,84.58,82.616,No,White,No,Female
681,72.16,67.535,No,White,Yes,Female
682,85,84.018,No,White,Yes,Male
683,62.25,60.839,Yes,Black,Yes,Female
684,67.66,59.745,No,Black,Yes,Male
685,54.33,51.308,Yes,White,Yes,Male
686,8,9.384,No,Black,Yes,Female
687,52.16,60.741,No,Other,Yes,Female
688,63.08,60.531,No,Black,Yes,Female
689,69.5,60.137,Yes,Black,Yes,Male
690,54.83,49.969,Yes,Black,Yes,Female
691,76.83,71.955,No,Black,Yes,Female
692,91.66,77.799,No,Black,Yes,Male
693,93.8,85.443,No,Other,Yes,Male
694,82.4,75.561,No,White,Yes,Male
695,77.2,76.54,Yes,Black,Yes,Male
696,75.2,75.741,No,Black,Yes,Female
697,78.8,60.505,No,Black,Yes,Male
698,84.4,76.82,No,White,Yes,Female
699,68.4,60.582,Yes,White,Yes,Male
700,35.1,35.196,Yes,Hispanic,Yes,Female
701,82.2,77.711,No,White,Yes,Female
702,29.4,22.547,Yes,Black,Yes,Male
703,64.6,63.479,Yes,Other,Yes,Female
704,70.8,56.08,No,Black,Yes,Male
705,83.7,82.727,No,White,No,Female
706,48,40.687,Yes,Black,Yes,Male
707,77.2,75.143,No,Black,Yes,Female
708,44.5,42.701,Yes,Black,Yes,Female
709,42.5,37.232,Yes,Black,Yes,Female
710,70.8,59.56,Yes,White,No,Male
711,36.5,39.348,Yes,White,Yes,Male
712,80,66.344,No,Other,No,Female
713,82.2,77.922,No,White,Yes,Female
714,53,51.321,Yes,Black,No,Male
715,76.4,69.51,No,Other,Yes,Male
716,77.1,75.45,No,White,Yes,Male
717,70.7,65.215,Yes,Hispanic,Yes,Female
718,59.6,54.26,No,Black,Yes,Male
719,82.6,75.048,No,Black,Yes,Female
720,75.4,73.014,No,White,No,Female
721,82.2,77.922,No,Black,Yes,Male
722,83.2,73.135,No,Black,Yes,Male
723,80.3,73.52,No,Black,No,Female
724,68.2,66.923,No,Hispanic,Yes,Male
725,69.6,63.633,Yes,Hispanic,Yes,Male
726,74.2,64.309,Yes,White,No,Male
727,77,63.661,No,White,Yes,Male
728,73.2,61.584,Yes,White,No,Male
729,67.8,61.704,Yes,Black,Yes,Male
730,80.5,71.459,No,Other,Yes,Female
731,56.1,52.943,No,Black,Yes,Male
732,94.8,88.359,No,White,No,Male
733,44.6,39.608,No,Black,Yes,Female
734,87,86.485,No,White,Yes,Female
735,67.5,60.67,Yes,White,Yes,Female
736,61.6,60.562,No,White,Yes,Female
737,77.38,79.99,Yes,Black,Yes,Male
738,20.16,23.465,Yes,Hispanic,Yes,Male
739,83.37,86.746,No,White,No,Female
740,9.94,7.528,No,White,Yes,Male
741,26.9,25.258,Yes,Other,Yes,Female
742,80.24,69.518,Yes,White,No,Male
743,68.52,68.445,No,Other,Yes,Female
744,74.93,74.677,Yes,White,Yes,Female
745,80.91,84.484,No,White,Yes,Female
746,88.55,83.959,No,Other,Yes,Male
747,74.11,80.238,No,Black,Yes,Female
748,91.55,90.965,No,White,Yes,Female
749,82.9,86.277,Yes,White,No,Male
750,90.05,87.711,No,White,Yes,Female
751,89.98,88.61,No,White,No,Female
752,73.36,66.512,Yes,Black,Yes,Male
753,61.71,54.636,No,Black,Yes,Female
754,68.93,62.43,No,Black,Yes,Female
755,72.61,65.578,No,Black,Yes,Male
756,43.65,41.733,Yes,Black,Yes,Female
757,61.17,62.979,Yes,White,No,Male
758,24.52,24.307,Yes,Black,Yes,Female
759,72.07,66.459,No,Other,No,Female
760,55.99,44.721,No,White,Yes,Female
761,58.65,56.362,Yes,Black,No,Male
762,94.2,89.925,No,White,Yes,Male
763,77.65,67.244,No,White,Yes,Male
764,62.8,61.768,Yes,Hispanic,Yes,Female
765,69.95,60.564,No,Black,Yes,Male
766,77.11,80.773,No,White,No,Female
767,91.28,89.159,No,White,No,Male
768,61.71,61.232,No,Black,Yes,Male
769,76.83,75.217,No,Hispanic,Yes,Male
770,71.66,65.439,Yes,Black,No,Male
771,92.74,78.885,No,White,Yes,Female
772,90.73,83.598,Yes,White,Yes,Male
773,94.55,97.384,No,White,No,Female
774,87.87,91.647,No,White,Yes,Male
775,72.61,74.783,Yes,Black,Yes,Female
776,3.4,3.14,Yes,White,Yes,Male
777,50.27,50.771,No,Other,Yes,Female
778,76.29,77.213,No,Black,Yes,Female
779,91,81.244,No,Black,Yes,Male